﻿{
    "type": "itemgrid",
    "background": "#1C1C1C",
    "width": 400,
    "h_alignment": "center",
    "item_margin": "2,2",
    "item_size": 50,
    "rows": [
        [ "lordvessel", "artoriasring", "doll", "pendant", "crestkey", "sealkey", "crestartorias" ],
        [ "orangering", "depthskey", "residencekey", "cagekey", "darkmoonkey", "annexkey", "lightsource" ],
        [ "seath", "4kings", "nito", "bedofchaos",  "purplecrystal", "basementkey", "blighttownkey" ],
        [ "newlondonkey", "dungeonkey", "archivegiantcellkey", "archivedoorkey", "archiveprisonkey", "archivecellkey" ],
        [ "pilgrimkey", "sewerkey", "watchtowerkey", "mysterykey", "undeadeastkey", "undeadwestkey" ]
    ]
}