﻿[
    {
        "name": "Large & Very Large Ember",
        "type": "progressive_toggle",
        "allow_disabled": false,
        "stages": [
            {
                "img": "images/large_ember/Large_and_VeryLargeOFF_Ember.png",
                "disabled_img": "images/large_ember/LargeOFF_and_VeryLargeOFF_Ember.png",
                "disabled_img_mods": "",
                "codes": "largeember"
            },
            {
                "img": "images/large_ember/Large_and_VeryLarge_Ember.png",
                "disabled_img": "images/large_ember/LargeOFF_and_VeryLarge_Ember.png",
                "disabled_img_mods": "",
                "codes": "largeember"
            }
        ]
    },
    {
        "name": "Divine & Large Divine Ember",
        "type": "progressive_toggle",
        "allow_disabled": false,
        "stages": [
            {
                "img": "images/divine_ember/Divine_and_LargeDivineOFF_Ember.png",
                "disabled_img": "images/divine_ember/DivineOFF_and_LargeDivineOFF_Ember.png",
                "disabled_img_mods": "",
                "codes": "divineember"
            },
            {
                "img": "images/divine_ember/Divine_and_LargeDivine_Ember.png",
                "disabled_img": "images/divine_ember/DivineOFF_and_LargeDivine_Ember.png",
                "disabled_img_mods": "",
                "codes": "divineember"
            }
        ]
    },
    {
        "name": "Dark Ember",
        "type": "toggle",
        "img": "images/Dark_Ember.png",
        "codes": "darkember"
    },
    {
        "name": "Large Magic Ember",
        "type": "toggle",
        "img": "images/Large_Magic_Ember.png",
        "codes": "largemagicember"
    },
    {
        "name": "Enchanted Ember",
        "type": "toggle",
        "img": "images/Enchanted_Ember.png",
        "codes": "enchantedember"
    },
    {
        "name": "Crystal Ember",
        "type": "toggle",
        "img": "images/Crystal_Ember.png",
        "codes": "crystalember"
    },
    {
        "name": "Large Flame Ember",
        "type": "toggle",
        "img": "images/Large_Flame_Ember.png",
        "codes": "largeflameember"
    },
    {
        "name": "Chaos Flame Ember",
        "type": "toggle",
        "img": "images/Chaos_Flame_Ember.png",
        "codes": "chaosflameember"
    },
    {
        "name": "Repairbox",
        "type": "toggle",
        "img": "images/Repairbox.png",
        "codes": "repairbox"
    },
    {
        "name": "Weapon Smithbox",
        "type": "toggle",
        "img": "images/Weapon_Smithbox.png",
        "codes": "weaponsmith"
    },
    {
        "name": "Armor Smithbox",
        "type": "toggle",
        "img": "images/Armor_Smithbox.png",
        "codes": "armorsmith"
    },
    {
        "name": "Bottomless Box",
        "type": "toggle",
        "img": "images/Bottomless_Box.png",
        "codes": "bottomless"
    },
    {
        "name": "Rite of Kindling",
        "type": "toggle",
        "img": "images/Rite_of_Kindling.png",
        "codes": "ritekindling"
    },
    {
        "name": "Undead Church Bell",
        "type": "toggle",
        "img": "images/Undead_Church_Bell.png",
        "codes": "undeadchurchbell"
    },
    {
        "name": "Quelaag's Domain Bell",
        "type": "toggle",
        "img": "images/Quelaags_Domain_Bell.png",
        "codes": "quelaagsdomainbell"
    },
    {
        "name": "Lordvessel",
        "type": "toggle",
        "img": "images/Lordvessel.png",
        "codes": "lordvessel"
    },
    {
        "name": "Covenant of Artorias",
        "type": "toggle",
        "img": "images/Covenant_of_Artorias.png",
        "codes": "artoriasring"
    },
    {
        "name": "Peculiar Doll",
        "type": "toggle",
        "img": "images/Peculiar_doll.png",
        "codes": "doll"
    },
    {
        "name": "Broken Pendant",
        "type": "toggle",
        "img": "images/Broken_Pendant.png",
        "codes": "pendant"
    }, 
    {
        "name": "Crest Key",
        "type": "toggle",
        "img": "images/Crest_Key.png",
        "codes": "crestkey"
    },
    {
        "name": "Key to the Seal",
        "type": "toggle",
        "img": "images/Key_to_the_Seal.png",
        "codes": "sealkey"
    },
    {
        "name": "Crest of Artorias",
        "type": "toggle",
        "img": "images/Crest_of_Artorias.png",
        "codes": "crestartorias"
    },
    {
        "name": "Orange Charred Ring",
        "type": "toggle",
        "img": "images/Orange_Charred_Ring.png",
        "codes": "orangering"
    },
    {
        "name": "Key to Depths",
        "type": "toggle",
        "img": "images/Key_to_Depths_marked.png",
        "codes": "depthskey"
    },
    {
        "name": "Residence Key",
        "type": "toggle",
        "img": "images/Residence_Key_marked.png",
        "codes": "residencekey"
    },
    {
        "name": "Cage Key",
        "type": "toggle",
        "img": "images/Cage_Key_marked.png",
        "codes": "cagekey"
    },
    {
        "name": "Darkmoon Seance Ring",
        "type": "toggle",
        "img": "images/Darkmoon_Seance_Ring.png",
        "codes": "darkmoonkey"
    },
    {
        "name": "Annex Key",
        "type": "toggle",
        "img": "images/Annex_Key_marked.png",
        "codes": "annexkey"
    },
    {
        "name": "Light Source",
        "type": "toggle",
        "img": "images/Torch.png",
        "codes": "lightsource"
    },
    {
        "name": "Lord Soul of Seath",
        "type": "toggle",
        "img": "images/Bequeathed_Lord_Soul_Shard_Seath_marked.png",
        "codes": "seath"
    },
    {
        "name": "Lord Soul of Four Kings",
        "type": "toggle",
        "img": "images/Bequeathed_Lord_Soul_Shard_4K_marked.png",
        "codes": "4kings"
    },
    {
        "name": "Lord Soul of Nito",
        "type": "toggle",
        "img": "images/Lord_Soul_Nito_marked.png",
        "codes": "nito"
    },
    {
        "name": "Lord Soul of Bed of Chaos",
        "type": "toggle",
        "img": "images/Lord_Soul_BoC_marked.png",
        "codes": "bedofchaos"
    },
    {
        "name": "Master Key",
        "type": "toggle",
        "img": "images/Master_Key.png",
        "codes": "masterkey"
    },
    {
        "name": "Basement Key",
        "type": "toggle",
        "img": "images/Basement_Key_marked.png",
        "codes": "basementkey"
    },
    {
        "name": "Blighttown Key",
        "type": "toggle",
        "img": "images/Blighttown_Key.png",
        "codes": "blighttownkey"
    },
    {
        "name": "Key to New Londo Ruins",
        "type": "toggle",
        "img": "images/Key_to_New_Londo_Ruins.png",
        "codes": "newlondonkey"
    },
    {
        "name": "Dungeon Cell Key",
        "type": "toggle",
        "img": "images/Dungeon_Cell_Key.png",
        "codes": "dungeonkey"
    },
    {
        "name": "Archive Tower Giant Cell Key",
        "type": "toggle",
        "img": "images/Archive_Tower_Giant_Cell_Key.png",
        "codes": "archivegiantcellkey"
    },
    {
        "name": "Archive Tower Giant Door Key",
        "type": "toggle",
        "img": "images/Archive_Tower_Giant_Door_Key.png",
        "codes": "archivedoorkey"
    },
    {
        "name": "Archive Prison Extra Key",
        "type": "toggle",
        "img": "images/Archive_Prison_Extra_Key_marked.png",
        "codes": "archiveprisonkey"
    },
    {
        "name": "Archive Tower Cell Key",
        "type": "toggle",
        "img": "images/Archive_Tower_Cell_Key_marked.png",
        "codes": "archivecellkey"
    },
    {
        "name": "Big Pilgrims Key",
        "type": "toggle",
        "img": "images/Big_Pilgrims_Key.png",
        "codes": "pilgrimkey"
    },
    {
        "name": "Sewer Chamber Key",
        "type": "toggle",
        "img": "images/Sewer_Chamber_Key.png",
        "codes": "sewerkey"
    },
    {
        "name": "Watchtower Basement Key",
        "type": "toggle",
        "img": "images/Watchtower_Basement_Key_marked.png",
        "codes": "watchtowerkey"
    },
    {
        "name": "Mystery Key",
        "type": "toggle",
        "img": "images/Mystery_Key_marked.png",
        "codes": "mysterykey"
    },
    {
        "name": "Undead Asylum F2 East Key",
        "type": "toggle",
        "img": "images/Undead_Asylum_F2_East_Key_marked.png",
        "codes": "undeadeastkey"
    },
    {
        "name": "Undead Asylum F2 West Key",
        "type": "toggle",
        "img": "images/Undead_Asylum_F2_West_Key_marked.png",
        "codes": "undeadwestkey"
    }    
]