﻿{
    "allow_resize": false,
    "map_enabled": false,
    "auto_pin_capturing_locations": false,
    "auto_unpin_on_clear": true,
    "layout_swap_left_right": false,
    "disabled_image_filter": "grayscale, dim",
    "layouts": {
        "tracker_default": {
            "type": "itemgrid",
            "background": "#1C1C1C",
            "height": 370,
            "width": 440,
            "h_alignment": "center",
            "item_margin": "2,5",
            "item_size": 50,
            "rows": [
                [ "dungeonkey", "undeadeastkey", "undeadwestkey", "pilgrimkey", "residencekey", "mysterykey", "masterkey", "repairbox" ],
                [ "basementkey",  "depthskey", "blighttownkey", "sewerkey", "watchtowerkey", "cagekey", "newlondonkey", "weaponsmith" ],
                [ "darkmoonkey", "doll", "annexkey", "crestartorias", "pendant", "crestkey", "sealkey", "armorsmith" ],
                [ "archivecellkey", "archiveprisonkey", "archivedoorkey", "archivegiantcellkey", "orangering", "lightsource", "artoriasring", "bottomless" ],
                [ "undeadchurchbell", "quelaagsdomainbell", "lordvessel", "seath", "bedofchaos", "nito", "4kings", "ritekindling" ],
                [ "largeember", "divineember", "darkember", "largemagicember", "enchantedember", "crystalember", "largeflameember", "chaosflameember" ]
            ]
        }
    }
}
