﻿{
    "allow_resize": false,
    "map_enabled": false,
    "auto_pin_capturing_locations": false,
    "auto_unpin_on_clear": true,
    "layout_swap_left_right": false,
    "disabled_image_filter": "grayscale, dim",
    "layouts": {
        "tracker_default": {
            "type": "itemgrid",
            "background": "#1C1C1C",
            "width": 400,
            "h_alignment": "center",
            "item_margin": "2,2",
            "item_size": 50,
            "rows": [
                [ "lordvessel", "artoriasring", "doll", "pendant", "crestkey", "sealkey", "crestartorias" ],
                [ "orangering", "depthskey", "residencekey", "cagekey", "darkmoonkey", "annexkey", "lightsource" ],
                [ "seath", "4kings", "nito", "bedofchaos",  "purplecrystal", "basementkey", "blighttownkey" ],
                [ "newlondonkey", "dungeonkey", "archivegiantcellkey", "archivedoorkey", "archiveprisonkey", "archivecellkey" ],
                [ "pilgrimkey", "sewerkey", "watchtowerkey", "mysterykey", "undeadeastkey", "undeadwestkey" ]
            ]
        }
    }
}
