﻿{
    "allow_resize": false,
    "map_enabled": false,
    "auto_pin_capturing_locations": false,
    "auto_unpin_on_clear": true,
    "layout_swap_left_right": false,
    "disabled_image_filter": "grayscale, dim",
    "layouts": {
        "tracker_default": {
            "type": "itemgrid",
            "background": "#1C1C1C",
            "width": 400,
            "h_alignment": "center",
            "item_margin": "2,2",
            "item_size": 50,
            "rows": [
                [ "dungeonkey", "undeadeastkey", "undeadwestkey", "pilgrimkey", "residencekey", "mysterykey", "basementkey" ],
                [ "crestartorias", "watchtowerkey", "depthskey", "sewerkey", "blighttownkey", "cagekey", "darkmoonkey" ],
                [ "masterkey", "doll", "annexkey", "pendant", "crestkey", "newlondonkey", "sealkey" ],
                [ "archivecellkey", "archiveprisonkey", "archivedoorkey", "archivegiantcellkey", "orangering", "lightsource", "artoriasring" ],
                [ "undeadchurchbell", "quelaagsdomainbell", "lordvessel", "seath", "bedofchaos", "nito", "4kings" ]
            ]
        }
    }
}
