[
		//LOCATIONS
	{
        "name": "Overworld Map",
        "short_name": "Overworld",
        "color": "#701d43",
        "sections": [

			{
				"name": "Adamant Grotto",
				"short_name": "AdamantGrotto",	
		        "map_locations": [
		            {
		                "map": "overworld",
		                "x": 925,
		                "y": 536
		            },
		            {
		                "map": "overworld",
		                "x": 1003,
		                "y": 906
		            }
		        ],
				"sections": [
					{
						"name": "AdamantGrotto",
						"capture_item": true,
						"access_rules": [ "hookcolor,ratcolor" ],
						"item_count": 1
					}
				]
			},
			{
				"name": "Baron Castle",
				"short_name": "Baron",
				"sections": [
					{
						"name": "Baron",
						"capture_item": true,
						"access_rules": [ "baroncolor" ],
						"item_count": 1
					}
				]
			},
			{
				"name": "Magnes Cave",
				"short_name": "Magnes",
				"sections": [
					{
						"name": "Magnes",
						"capture_item": true,
						"access_rules": [ "harpcolor" ],
						"item_count": 1
					}
				]
			},
			{
				"name": "Eblan Cave",
				"short_name": "Eblan",
				"sections": [
					{
						"name": "Eblan",
						"capture_item": true,
						"access_rules": [ "hookcheck" ],
						"item_count": 1
					}
				]
			},
			{
				"name": "Tower of Zot",
				"short_name": "Zot",
				"sections": [
					{
						"name": "Zot",
						"capture_item": true,
						"access_rules": [ "earthcolor" ],
						"item_count": 1
					}
				]
			},
		]
	},
	{
        "name": "Underworld Map",
        "short_name": "Underworld",
        "color": "#701d43",
        "map_locations": [
            {
                "map": "underworld",
                "x": 925,
                "y": 536
            },
            {
                "map": "underworld",
                "x": 1003,
                "y": 906
            }
        ],
        "sections": [
			{
				"name": "Lower Babil",
				"short_name": "Lower",
				"sections": [
					{
						"name": "Lower",
						"capture_item": true,
						"access_rules": [ "magmacheck", "hookcheck" ],
						"item_count": 1
					}
				]
			},
			{
				"name": "Babil Tower",
				"short_name": "BabilTower",
				"sections": [
					{
						"name": "BabilTower",
						"capture_item": true,
						"access_rules": [ "towercolor,hookcheck", "towercolor, magmacheck" ],
						"item_count": 1
					}
				]
			},
			{
				"name": "Dwarf Castle",
				"short_name": "Dwarf",
				"sections": [
					{
						"name": "Dwarf",
						"capture_item": true,
						"access_rules": [ "magmacheck", "hookcheck" ],
						"item_count": 1
					}
				]
			},
			{
				"name": "Land of Summoned Monsters",
				"short_name": "Monsters",
				"sections": [
					{
						"name": "Monsters",
						"capture_item": true,
						"access_rules": [ "magmacheck", "hookcheck" ],
						"item_count": 1
					}
				]
			},
			{
				"name": "Sealed Cave",
				"short_name": "Sealed",
				"sections": [
					{
						"name": "Sealed",
						"capture_item": true,
						"access_rules": [ "lucacolor, magmacheck", "lucacolor, hookcheck" ],
						"item_count": 1
					}
				]
			},	
			{
				"name": "Sylph Cave",
				"short_name": "Sylph",
				"sections": [
					{
						"name": "Sylph",
						"capture_item": true,
						"access_rules": [ "magmacheck", "hookcheck" ],
						"item_count": 1
					}
				]
			}
		]
	},
	//GO MODE
/*	{
		"name": "Almost Yellow",
		"short_name": "Almost",
		"sections": [
			{
				"name": "Almost",
				"capture_item": true,
				"access_rules": [ "crystalcolor", "darknesscolor", "passcolor", "darknesscolor, passcolor" ],
				"item_count": 1
			}
		]
	},
	{
		"name": "GO MODE",
		"short_name": "GO",
		"sections": [
			{
				"name": "GO",
				"capture_item": true,
				"access_rules": [ "crystalcolor, passcolor", "crystalcolor, darknesscolor", "crystalcolor, passcolor, darknesscolor" ],
				"item_count": 1
			}
		]
	}*/
]