[//LOCATIONS
	//overworld
	{
		"name": "Antlion Cave",	
        "map_locations": [
            {
                "map": "overworld",
                "x": 545,
                "y": 230
            }
        ],
		"sections": [
			{
				"name": "Boss",
				"chest_unopened_img": "images/chests/Boss1.png",
 				"chest_opened_img": "images/chests/Boss2.png",
				"capture_item": true,
				"access_rules": [ "" ],
				"item_count": 1
			},
			{
				"name": "Key Item",
				"chest_unopened_img": "images/chests/KeyItem1.png",
 				"chest_opened_img": "images/chests/KeyItem2.png",
				"capture_item": true,
				"access_rules": [ "" ],
				"item_count": 1
			},
			{
				"name": "13 Chests",
				"chest_unopened_img": "images/chests/Chest1.png",
 				"chest_opened_img": "images/chests/Chest2.png",
				"capture_item": false,
				"access_rules": [ "" ],
				"item_count": 1
			}
		]
	},
	{
		"name": "Watery Pass",
        "map_locations": [
            {
                "map": "overworld",
                "x": 555,
                "y": 320
            }
        ],
		"sections": [
			{
				"name": "Character",
				"chest_unopened_img": "images/chests/Char1.png",
 				"chest_opened_img": "images/chests/Char2.png",
				"capture_item": true,
				"access_rules": [ "" ],
				"item_count": 1
			},
			{
				"name": "19 Chests (3 waterfall room)",
				"chest_unopened_img": "images/chests/Chest1.png",
 				"chest_opened_img": "images/chests/Chest2.png",
				"capture_item": false,
				"access_rules": [ "" ],
				"item_count": 1
			}
		]
	},
	{
		"name": "Mt. Ordeals",
        "map_locations": [
            {
                "map": "overworld",
                "x": 871,
                "y": 800
            }
        ],
		"sections": [
			{
				"name": "Bosses",
				"chest_unopened_img": "images/chests/Boss1.png",
 				"chest_opened_img": "images/chests/Boss2.png",
				"capture_item": true,
				"clear_as_group": false,
				"access_rules": [ "" ],
				"item_count": 3
			},
			{
				"name": "Key Item",
				"chest_unopened_img": "images/chests/KeyItem1.png",
 				"chest_opened_img": "images/chests/KeyItem2.png",
				"capture_item": true,
				"access_rules": [ "" ],
				"item_count": 1
			},
			{
				"name": "Character",
				"chest_unopened_img": "images/chests/Char1.png",
 				"chest_opened_img": "images/chests/Char2.png",
				"capture_item": true,
				"access_rules": [ "" ],
				"item_count": 1
			},
			{
				"name": "4 Chests",
				"chest_unopened_img": "images/chests/Chest1.png",
 				"chest_opened_img": "images/chests/Chest2.png",
				"capture_item": false,
				"access_rules": [ "" ],
				"item_count": 1
			}
		]
	},
	{
		"name": "Silvera",
		"chest_unopened_img": "images/chests/Chest1.png",
 		"chest_opened_img": "images/chests/Chest2.png",
        "map_locations": [
            {
                "map": "overworld",
                "x": 840,
                "y": 520
            }
        ],
		"sections": [
			{
				"name": "3 Chests",
				"capture_item": false,
				"access_rules": [ "" ],
				"item_count": 1
			}
		]
	},
	{
		"name": "Adamant Cave",
        "map_locations": [
            {
                "map": "overworld",
                "x": 880,
                "y": 545
            }
        ],
		"sections": [
			{
				"name": "Bring Tails",
				"chest_unopened_img": "images/chests/KeyItem1.png",
 				"chest_opened_img": "images/chests/KeyItem2.png",
				"capture_item": true,
				"clear_as_group": false,
				"access_rules": [ "hookcheck,ratcolor", "hookcheck,pinkcolor" ],
				"item_count": 2
			}
		]
	},
	{
		"name": "Baron Castle",
		"map_locations": [
            {
                "map": "overworld",
                "x": 405,
                "y": 615
            }
        ],
		"sections": [
			{
				"name": "Bosses",
				"chest_unopened_img": "images/chests/Boss1.png",
 				"chest_opened_img": "images/chests/Boss2.png",
				"capture_item": true,
				"clear_as_group": false,
				"access_rules": [ "baroncolor" ],
				"item_count": 3
			},
			{
				"name": "Key Item",
				"chest_unopened_img": "images/chests/KeyItem1.png",
 				"chest_opened_img": "images/chests/KeyItem2.png",
				"capture_item": true,
				"access_rules": [ "baroncolor" ],
				"item_count": 1
			},
			{
				"name": "Character",
				"chest_unopened_img": "images/chests/Char1.png",
 				"chest_opened_img": "images/chests/Char2.png",
				"capture_item": true,
				"clear_as_group": false,
				"access_rules": [ "baroncolor" ],
				"item_count": 1
			},
			{
				"name": "20 Chests",
				"chest_unopened_img": "images/chests/Chest1.png",
 				"chest_opened_img": "images/chests/Chest2.png",
				"capture_item": true,
				"capture_item": false,
				"access_rules": [ "baroncolor" ],
				"item_count": 1
			}
		]
	},
	{
		"name": "Baron City and Old Water Way",
		"map_locations": [
            {
                "map": "overworld",
                "x": 405,
                "y": 645
            }
        ],
		"sections": [
			{
				"name": "Bosses",
				"chest_unopened_img": "images/chests/Boss1.png",
 				"chest_opened_img": "images/chests/Boss2.png",
				"capture_item": true,
				"clear_as_group": true,
				"access_rules": [ "" ],
				"item_count": 2
			},
			{
				"name": "Key Item",
				"chest_unopened_img": "images/chests/KeyItem1.png",
 				"chest_opened_img": "images/chests/KeyItem2.png",
				"capture_item": true,
				"access_rules": [ "" ],
				"item_count": 1
			},
			{
				"name": "Character",
				"chest_unopened_img": "images/chests/Char1.png",
 				"chest_opened_img": "images/chests/Char2.png",
				"capture_item": true,
				"access_rules": [ "" ],
				"item_count": 1
			},
			{
				"name": "13 Chests (3 at Weapon Shop)",
				"chest_unopened_img": "images/chests/Chest1.png",
 				"chest_opened_img": "images/chests/Chest2.png",
				"capture_item": false,
				"access_rules": [ "{}", "baroncolor" ],
				"item_count": 1
			},
			{
				"name": "8 Old Water Way Chests",
				"chest_unopened_img": "images/chests/Chest1.png",
 				"chest_opened_img": "images/chests/Chest2.png",
				"capture_item": false,
				"access_rules": [ "baroncolor" ],
				"item_count": 1
			}
		]
	},
	{
		"name": "Damcyan Castle",
		"map_locations": [
            {
                "map": "overworld",
                "x": 475,
                "y": 230
            }
        ],
		"sections": [
			{
				"name": "Character",
				"chest_unopened_img": "images/chests/Char1.png",
 				"chest_opened_img": "images/chests/Char2.png",
				"capture_item": true,
				"access_rules": [ "" ],
				"item_count": 1
			},
			{
				"name": "13 Chests (side room)",
				"chest_unopened_img": "images/chests/Chest1.png",
 				"chest_opened_img": "images/chests/Chest2.png",
				"capture_item": false,
				"access_rules": [ "" ],
				"item_count": 1
			},
			{
				"name": "Hovercraft",
				"access_rules": [ "" ],
				"hosted_item": "vehicle",
			}
		]
	},
	{
		"name": "Lake Dungeon",
		"map_locations": [
            {
                "map": "overworld",
                "x": 495,
                "y": 265
            }
        ],
		"sections": [
			{
				"name": "Boss",
				"chest_unopened_img": "images/chests/Boss1.png",
 				"chest_opened_img": "images/chests/Boss2.png",
				"capture_item": true,
				"access_rules": [ "" ],
				"item_count": 1
			},
			{
				"name": "4 Chests",
				"chest_unopened_img": "images/chests/Chest1.png",
 				"chest_opened_img": "images/chests/Chest2.png",
				"capture_item": false,
				"access_rules": [ "" ],
				"item_count": 1
			}
		]
	},
	{
		"name": "Mt. Hobs",
		"map_locations": [
            {
                "map": "overworld",
                "x": 630,
                "y": 190
            }
        ],
		"sections": [
			{
				"name": "Boss",
				"chest_unopened_img": "images/chests/Boss1.png",
 				"chest_opened_img": "images/chests/Boss2.png",
				"capture_item": true,
				"access_rules": [ "" ],
				"item_count": 1
			},
			{
				"name": "Character",
				"chest_unopened_img": "images/chests/Char1.png",
 				"chest_opened_img": "images/chests/Char2.png",
				"capture_item": true,
				"access_rules": [ "" ],
				"item_count": 1
			},
			{
				"name": "5 Chests",
				"chest_unopened_img": "images/chests/Chest1.png",
 				"chest_opened_img": "images/chests/Chest2.png",
				"capture_item": false,
				"access_rules": [ "" ],
				"item_count": 1
			}
		]
	},
	{
		"name": "Magnes Cave",
		"map_locations": [
            {
                "map": "overworld",
                "x": 300,
                "y": 230
            }
        ],
		"sections": [
			{
				"name": "Boss",
				"chest_unopened_img": "images/chests/Boss1.png",
 				"chest_opened_img": "images/chests/Boss2.png",
				"capture_item": true,
				"clear_as_group": false,
				"access_rules": [ "harpcolor" ],
				"item_count": 1
			},
			{
				"name": "Key Item",
				"chest_unopened_img": "images/chests/KeyItem1.png",
 				"chest_opened_img": "images/chests/KeyItem2.png",
				"capture_item": true,
				"access_rules": [ "harpcolor" ],
				"item_count": 1
			},
			{
				"name": "10 Chests",
				"chest_unopened_img": "images/chests/Chest1.png",
 				"chest_opened_img": "images/chests/Chest2.png",
				"capture_item": false,
				"access_rules": [ "" ],
				"item_count": 1
			}
		]
	},
	{
		"name": "Eblan Cave",
		"map_locations": [
            {
                "map": "overworld",
                "x": 100,
                "y": 930
            }
        ],
		"sections": [
			{
				"name": "Character",
				"chest_unopened_img": "images/chests/Char1.png",
 				"chest_opened_img": "images/chests/Char2.png",
				"capture_item": true,
				"access_rules": [ "hookcheck" ],
				"item_count": 1
			},
			{
				"name": "22 Chests (1 Monsters)",
				"chest_unopened_img": "images/chests/Chest1.png",
 				"chest_opened_img": "images/chests/Chest2.png",
				"capture_item": false,
				"clear_as_group": false,
				"access_rules": [ "hookcheck" ],
				"item_count": 1
			}
		]
	},
	{
		"name": "Tower of Zot",
		"map_locations": [
            {
                "map": "overworld",
                "x": 145,
                "y": 310
            }
        ],
        "sections": [
			{
				"name": "Bosses",
				"chest_unopened_img": "images/chests/Boss1.png",
 				"chest_opened_img": "images/chests/Boss2.png",
				"capture_item": true,
				"clear_as_group": false,
				"access_rules": [ "earthcolor" ],
				"item_count": 2
			},			
			{
				"name": "Key Item",
				"chest_unopened_img": "images/chests/KeyItem1.png",
 				"chest_opened_img": "images/chests/KeyItem2.png",
				"capture_item": true,
				"clear_as_group": false,
				"access_rules": [ "earthcolor" ],
				"item_count": 1
			},
			{
				"name": "Character",
				"chest_unopened_img": "images/chests/Char1.png",
 				"chest_opened_img": "images/chests/Char2.png",
				"capture_item": true,
				"clear_as_group": false,
				"access_rules": [ "earthcolor" ],
				"item_count": 2
			},
			{
				"name": "6 Chests (1 Monsters)",
				"chest_unopened_img": "images/chests/Chest1.png",
 				"chest_opened_img": "images/chests/Chest2.png",
				"capture_item": false,
				"clear_as_group": false,
				"access_rules": [ "" ],
				"item_count": 1
			}
		]
	},
	{
		"name": "Toroia Town/Castle",
		"map_locations": [
            {
                "map": "overworld",
                "x": 145,
                "y": 340
            }
        ],
		"sections": [
			{
				"name": "Key Item",
				"chest_unopened_img": "images/chests/KeyItem1.png",
 				"chest_opened_img": "images/chests/KeyItem2.png",
				"capture_item": true,
				"access_rules": [ "" ],
				"item_count": 1
			},
			{
				"name": "9 Chests (18 Hidden in path)",
				"chest_unopened_img": "images/chests/Chest1.png",
 				"chest_opened_img": "images/chests/Chest2.png",
				"capture_item": false,
				"clear_as_group": false,
				"access_rules": [ "{}", "earthcolor" ],
				"item_count": 1
			},
			{
				"name": "4 Town Chests",
				"chest_unopened_img": "images/chests/Chest1.png",
 				"chest_opened_img": "images/chests/Chest2.png",
				"capture_item": false,
				"access_rules": [ "" ],
				"item_count": 1
			}
		]
	},
	{
		"name": "Fabul Castle",
		"map_locations": [
            {
                "map": "overworld",
                "x": 860,
                "y": 230
            }
        ],
		"sections": [
			{
				"name": "Boss",
				"chest_unopened_img": "images/chests/Boss1.png",
 				"chest_opened_img": "images/chests/Boss2.png",
				"capture_item": true,
				"access_rules": [ "" ],
				"item_count": 1
			},
			{
				"name": "Key Item",
				"chest_unopened_img": "images/chests/KeyItem1.png",
 				"chest_opened_img": "images/chests/KeyItem2.png",
				"capture_item": true,
				"clear_as_group": false,
				"access_rules": [ "" ],
				"item_count": 1
			},
			{
				"name": "10 Chests",
				"chest_unopened_img": "images/chests/Chest1.png",
 				"chest_opened_img": "images/chests/Chest2.png",
				"capture_item": false,
				"access_rules": [ "" ],
				"item_count": 1
			},
			{
				"name": "Sheila Key Items",
				"chest_unopened_img": "images/chests/Sheila1.png",
 				"chest_opened_img": "images/chests/Sheila2.png",
				"capture_item": true,
				"clear_as_group": false,
				"access_rules": [ "pancheck" ],
				"item_count": 1
			}
		]
	},
	{
		"name": "Kaipo",
		"map_locations": [
            {
                "map": "overworld",
                "x": 495,
                "y": 410
            }
        ],
		"sections": [
			{
				"name": "Character",
				"chest_unopened_img": "images/chests/Char1.png",
 				"chest_opened_img": "images/chests/Char2.png",
				"capture_item": true,
				"access_rules": [ "sandrubycolor" ],
				"item_count": 1
			},
			{
				"name": "Pot behind Weapon Shop",
				"chest_unopened_img": "images/chests/Chest1.png",
 				"chest_opened_img": "images/chests/Chest2.png",
				"capture_item": false,
				"access_rules": [ "" ],
				"item_count": 1
			}
		]
	},
	{
		"name": "Vilage of Mist",
		"map_locations": [
            {
                "map": "overworld",
                "x": 385,
                "y": 480
            }
        ],
		"sections": [
			{
				"name": "Boss",
				"chest_unopened_img": "images/chests/Boss1.png",
 				"chest_opened_img": "images/chests/Boss2.png",
				"capture_item": true,
				"access_rules": [ "packagecolor" ],
				"item_count": 1
			},
			{
				"name": "Character",
				"chest_unopened_img": "images/chests/Char1.png",
 				"chest_opened_img": "images/chests/Char2.png",
				"capture_item": true,
				"access_rules": [ "packagecolor" ],
				"item_count": 1
			},
			{
				"name": "7 Chests",
				"chest_unopened_img": "images/chests/Chest1.png",
 				"chest_opened_img": "images/chests/Chest2.png",
				"capture_item": false,
				"access_rules": [ "" ],
				"item_count": 1
			}
		]
	},
	{
		"name": "Mist Cave",
		"map_locations": [
            {
                "map": "overworld",
                "x": 300,
                "y": 540
            },
            {
                "map": "overworld",
                "x": 350,
                "y": 480
            }
        ],
		"sections": [
			{
				"name": "Boss",
				"chest_unopened_img": "images/chests/Boss1.png",
 				"chest_opened_img": "images/chests/Boss2.png",
				"capture_item": true,
				"access_rules": [ "" ],
				"item_count": 1
			},
			{
				"name": "4 Chests",
				"chest_unopened_img": "images/chests/Chest1.png",
 				"chest_opened_img": "images/chests/Chest2.png",
				"capture_item": false,
				"access_rules": [ "" ],
				"item_count": 1
			}
		]
	},
	{
		"name": "Mysidia",
		"map_locations": [
            {
                "map": "overworld",
                "x": 620,
                "y": 800
            }
        ],
		"sections": [
			{
				"name": "Characters",
				"chest_unopened_img": "images/chests/Char1.png",
 				"chest_opened_img": "images/chests/Char2.png",
				"capture_item": true,
				"access_rules": [ "" ],
				"item_count": 2
			},
			{
				"name": "Lunar Whale",
				"access_rules": [ "darknesscolor" ],
				"hosted_item": "lunarwhale",
			}
		]
	},
	{
		"name": "Agart",
		"map_locations": [
            {
                "map": "overworld",
                "x": 420,
                "y": 860
            }
        ],
		"sections": [
			{
				"name": "Just onde chest",
				"chest_unopened_img": "images/chests/Chest1.png",
 				"chest_opened_img": "images/chests/Chest2.png",
				"capture_item": false,
				"access_rules": [ "" ],
				"item_count": 1
			},
			{
				"name": "Unlock underworld",
				"chest_unopened_img": "images/chests/Path1.png",
 				"chest_opened_img": "images/chests/Path2.png",
				"capture_item": false,
				"access_rules": [ "magmacolor" ],
				"item_count": 1
			}
		]
	},
	{
		"name": "Eblan Castle",
		"map_locations": [
            {
                "map": "overworld",
                "x": 185,
                "y": 940
            }
        ],
		"sections": [
			{
				"name": "22 Chests (3 Monsters)",
				"chest_unopened_img": "images/chests/Chest1.png",
 				"chest_opened_img": "images/chests/Chest2.png",
				"capture_item": false,
				"clear_as_group": false,
				"access_rules": [ "" ],
				"item_count": 3
			}
		]
	},
	{
		"name": "Giant of Babil",
		"map_locations": [
            {
                "map": "overworld",
                "x": 135,
                "y": 915
            }
        ],
		"sections": [
			{
				"name": "Bosses",
				"chest_unopened_img": "images/chests/Boss1.png",
 				"chest_opened_img": "images/chests/Boss2.png",
				"capture_item": true,
				"clear_as_group": false,
				"access_rules": [ "darknesscheck, lunarwhale"  ],
				"item_count": 2
			},
			{
				"name": "Character",
				"chest_unopened_img": "images/chests/Char1.png",
 				"chest_opened_img": "images/chests/Char2.png",
				"capture_item": true,
				"access_rules": [ "darknesscheck, lunarwhale" ],
				"item_count": 1
			},
			{
				"name": "8 Chests (1 Monsters)",
				"chest_unopened_img": "images/chests/Chest1.png",
 				"chest_opened_img": "images/chests/Chest2.png",
				"capture_item": false,
				"clear_as_group": false,
				"access_rules": [ "darknesscheck, lunarwhale" ],
				"item_count": 1
			}
		]
	},
	{
		"name": "Tower of Babil",
		"map_locations": [
            {
                "map": "overworld",
                "x": 135,
                "y": 870
            }
        ],
		"sections": [
			{
				"name": "Bosses",
				"chest_unopened_img": "images/chests/Boss1.png",
 				"chest_opened_img": "images/chests/Boss2.png",
				"capture_item": true,
				"access_rules": [ "hookcheck" ],
				"item_count": 2
			},
			{
				"name": "8 Chests (1 Monsters)",
				"chest_unopened_img": "images/chests/Chest1.png",
 				"chest_opened_img": "images/chests/Chest2.png",
				"capture_item": false,
				"clear_as_group": false,
				"access_rules": [ "hookcheck" ],
				"item_count": 1
			},
			{
				"name": "Falcon",
				"access_rules": [ "towercheck, hookcheck", "towercheck, magmacheck" ],
				"hosted_item": "vehicle",
			}
		]
	},
	//underworld
	{
		"name": "Tower Babil",
		"map_locations": [
            {
                "map": "underworld",
                "x": 390,
                "y": 120
            }
        ],
		"sections": [
			{
				"name": "Bosses",
				"chest_unopened_img": "images/chests/Boss1.png",
 				"chest_opened_img": "images/chests/Boss2.png",
				"capture_item": true,
				"clear_as_group": false,
				"access_rules": [ "hookcheck, [towercolor]", "magmacheck, [towercolor]" ],
				"item_count": 2
			},
			{
				"name": "Key Item",
				"chest_unopened_img": "images/chests/KeyItem1.png",
 				"chest_opened_img": "images/chests/KeyItem2.png",
				"capture_item": true,
				"clear_as_group": false,
				"access_rules": [ "hookcheck, [towercolor]", "magmacheck, [towercolor]" ],
				"item_count": 2
			},
			{
				"name": "16 Chests (4 Monsters)",
				"chest_unopened_img": "images/chests/Chest1.png",
 				"chest_opened_img": "images/chests/Chest2.png",
				"capture_item": false,
				"clear_as_group": false,
				"access_rules": [ "hookcheck", "magmacheck" ],
				"item_count": 4
			}
		]
	},
	{
		"name": "Castle of Dwarfs",
		"map_locations": [
            {
                "map": "underworld",
                "x": 800,
                "y": 650
            },
            {
                "map": "underworld",
                "x": 730,
                "y": 670
            }
        ],
		"sections": [
			{
				"name": "Bosses",
				"chest_unopened_img": "images/chests/Boss1.png",
 				"chest_opened_img": "images/chests/Boss2.png",
				"capture_item": true,
				"clear_as_group": true,
				"access_rules": [ "magmacheck", "hookcheck" ],
				"item_count": 2
			},
			{
				"name": "Key Item",
				"chest_unopened_img": "images/chests/KeyItem1.png",
 				"chest_opened_img": "images/chests/KeyItem2.png",
				"capture_item": true,
				"access_rules": [ "magmacheck", "hookcheck" ],
				"item_count": 1
			},
			{
				"name": "Character",
				"chest_unopened_img": "images/chests/Char1.png",
 				"chest_opened_img": "images/chests/Char2.png",
				"capture_item": true,
				"access_rules": [ "magmacheck", "hookcheck" ],
				"item_count": 1
			},
			{
				"name": "18 Chests",
				"chest_unopened_img": "images/chests/Chest1.png",
 				"chest_opened_img": "images/chests/Chest2.png",
				"capture_item": false,
				"access_rules": [ "magmacheck", "hookcheck" ],
				"item_count": 1
			}
		]
	},
	{
		"name": "Tomra",
		"map_locations": [
            {
                "map": "underworld",
                "x": 505,
                "y": 975
            }
        ],
		"sections": [
			{
				"name": "6 Chests",
				"chest_unopened_img": "images/chests/Chest1.png",
 				"chest_opened_img": "images/chests/Chest2.png",
				"capture_item": false,
				"access_rules": [ "magmacheck", "hookcheck" ],
				"item_count": 1
			}
		]
	},
	{
		"name": "Land of Monsters",
		"map_locations": [
            {
                "map": "underworld",
                "x": 220,
                "y": 700
            }
        ],
		"sections": [
			{
				"name": "Bosses",
				"chest_unopened_img": "images/chests/Boss1.png",
 				"chest_opened_img": "images/chests/Boss2.png",
				"capture_item": true,
				"clear_as_group": false,
				"access_rules": [ "magmacheck", "hookcheck" ],
				"item_count": 2
			},
			{
				"name": "Key Item",
				"chest_unopened_img": "images/chests/KeyItem1.png",
 				"chest_opened_img": "images/chests/KeyItem2.png",
				"capture_item": true,
				"access_rules": [ "magmacheck", "hookcheck" ],
				"item_count": 1
			},
			{
				"name": "22 Chests (1 Monsters)",
				"chest_unopened_img": "images/chests/Chest1.png",
 				"chest_opened_img": "images/chests/Chest2.png",
				"capture_item": false,
				"clear_as_group": false,
				"access_rules": [ "magmacheck", "hookcheck" ],
				"item_count": 1
			}
		]
	},
	{
		"name": "Sealed Cave",
		"map_locations": [
            {
                "map": "underworld",
                "x": 370,
                "y": 875
            }
        ],
		"sections": [
			{
				"name": "Boss",
				"chest_unopened_img": "images/chests/Boss1.png",
 				"chest_opened_img": "images/chests/Boss2.png",
				"capture_item": true,
				"access_rules": [ "lucacolor, magmacheck", "lucacolor, hookcheck" ],
				"item_count": 1
			},
			{
				"name": "Key Item",
				"chest_unopened_img": "images/chests/KeyItem1.png",
 				"chest_opened_img": "images/chests/KeyItem2.png",
				"capture_item": true,
				"access_rules": [ "lucacolor, magmacheck", "lucacolor, hookcheck" ],
				"item_count": 1
			},
			{
				"name": "19 Chests",
				"chest_unopened_img": "images/chests/Chest1.png",
 				"chest_opened_img": "images/chests/Chest2.png",
				"capture_item": false,
				"clear_as_group": false,
				"access_rules": [ "lucacolor, magmacheck", "lucacolor, hookcheck" ],
				"item_count": 1
			}
		]
	},	
	{
		"name": "Sylvan Cave",
		"map_locations": [
            {
                "map": "underworld",
                "x": 110,
                "y": 110
            }
        ],
		"sections": [
			{
				"name": "Awake Yang",
				"chest_unopened_img": "images/chests/Yang1.png",
 				"chest_opened_img": "images/chests/Yang2.png",
				"capture_item": true,
				"clear_as_group": false,
				"access_rules": [ "magmacheck, pancolor", "hookcheck, pancolor" ],
				"item_count": 1
			},
			{
				"name": "32 Chests (7 Monsters)",
				"chest_unopened_img": "images/chests/Chest1.png",
 				"chest_opened_img": "images/chests/Chest2.png",
				"capture_item": false,
				"clear_as_group": false,
				"access_rules": [ "magmacheck", "hookcheck" ],
				"item_count": 7
			}
		]
	},
	{
		"name": "Kokkol, the Smith's",
		"map_locations": [
            {
                "map": "underworld",
                "x": 835,
                "y": 990
            }
        ],
		"sections": [
			{
				"name": "Legend and Adamant",
				"chest_unopened_img": "images/chests/Sage1.png",
 				"chest_opened_img": "images/chests/Sage2.png",
				"capture_item": true,
				"access_rules": [ "[magmacheck], adamantcolor,legendcolor", "[hookcheck], adamantcolor,legendcolor" ],
				"item_count": 1
			},
			{
				"name": "4 Chests",
				"chest_unopened_img": "images/chests/Chest1.png",
 				"chest_opened_img": "images/chests/Chest2.png",
				"capture_item": false,
				"access_rules": [ "magmacheck", "hookcheck" ],
				"item_count": 1
			}
		]
	},
	//moon
	{
		"name": "Lunar's Lair/Lunar Subterrane",
		"map_locations": [
            {
                "map": "moon",
                "x": 357,
                "y": 570
            }
        ],
		"sections": [
			{
				"name": "Bosses",
				"chest_unopened_img": "images/chests/Boss1.png",
 				"chest_opened_img": "images/chests/Boss2.png",
				"capture_item": true,
				"clear_as_group": false,
				"access_rules": [ "lunarwhale,darknesscheck" ],
				"item_count": 5
			},
			{
				"name": "Character",
				"chest_unopened_img": "images/chests/Char1.png",
 				"chest_opened_img": "images/chests/Char2.png",
				"capture_item": true,
				"access_rules": [ "lunarwhale,darknesscheck" ],
				"item_count": 1
			},
			{
				"name": "36 Chests (8 Monsters)",
				"chest_unopened_img": "images/chests/Chest1.png",
 				"chest_opened_img": "images/chests/Chest2.png",
				"capture_item": false,
				"clear_as_group": false,
				"access_rules": [ "lunarwhale,darknesscheck" ],
				"item_count": 8
			},
			{
				"name": "Zeromus",
				"access_rules": [ "lunarwhale,darknesscheck,[crystalcolor]", "passcolor, [crystalcolor]" ],
				"hosted_item": "zeromuscolor",
			},
		]
	},
	{
		"name": "Lunar Path 1",
		"map_locations": [
            {
                "map": "moon",
                "x": 200,
                "y": 520
            },
            {
                "map": "moon",
                "x": 200,
                "y": 430
            }
        ],
		"sections": [
			{
				"name": "3 Chests (1 Monsters)",
				"chest_unopened_img": "images/chests/Chest1.png",
 				"chest_opened_img": "images/chests/Chest2.png",
				"capture_item": false,
				"access_rules": [ "lunarwhale,darknesscheck" ],
				"item_count": 1
			}
		]
	},
	{
		"name": "Lunar Path 2",
		"map_locations": [
            {
                "map": "moon",
                "x": 550,
                "y": 650
            },
            {
                "map": "moon",
                "x": 570,
                "y": 590
            }
        ],
		"sections": [
			{
				"name": "Nothing...",
				"chest_unopened_img": "images/chests/Path1.png",
 				"chest_opened_img": "images/chests/Path2.png",
				"capture_item": false,
				"access_rules": [ "lunarwhale,darknesscheck" ],
				"item_count": 1
			}
		]
	},
	{
		"name": "Cave Bahamut",
		"map_locations": [
            {
                "map": "moon",
                "x": 887,
                "y": 560
            }
        ],
		"sections": [
			{
				"name": "Boss",
				"chest_unopened_img": "images/chests/Boss1.png",
 				"chest_opened_img": "images/chests/Boss2.png",
				"capture_item": true,
				"access_rules": [ "lunarwhale,darknesscheck" ],
				"item_count": 1
			},
			{
				"name": "4 Chests",
				"chest_unopened_img": "images/chests/Chest1.png",
 				"chest_opened_img": "images/chests/Chest2.png",
				"capture_item": false,
				"access_rules": [ "lunarwhale,darknesscheck" ],
				"item_count": 1
			}
		]
	},
	{
		"name": "Hummingway Family",
		"map_locations": [
            {
                "map": "moon",
                "x": 440,
                "y": 830
            }
        ],
		"sections": [
			{
				"name": "Nothing...",
				"chest_unopened_img": "images/chests/Path1.png",
 				"chest_opened_img": "images/chests/Path2.png",
				"capture_item": false,
				"access_rules": [ "lunarwhale,darknesscheck" ],
				"item_count": 1
			}
		]
	}
]


	//GO MODE
/*	{
		"name": "Almost Yellow",
		"short_name": "Almost",
		"sections": [
			{
				"name": "Almost",
				"capture_item": true,
				"access_rules": [ "crystalcolor", "darknesscolor", "passcolor", "darknesscolor, passcolor" ],
				"item_count": 1
			}
		]
	},
	{
		"name": "GO MODE",
		"short_name": "GO",
		"sections": [
			{
				"name": "GO",
				"capture_item": true,
				"access_rules": [ "crystalcolor, passcolor", "crystalcolor, darknesscolor", "crystalcolor, passcolor, darknesscolor" ],
				"item_count": 1
			}
		]
	}*/