﻿[
    {
        "name": "Raft",
        "type": "toggle",
        "img": "images/raft.png",
        "codes": "raft"
    },
    {
        "name": "Magic Book",
        "type": "toggle",
        "img": "images/book.png",
        "codes": "book"
    },
    {
        "name": "Rings",
        "type": "progressive",
        "allow_disabled": true,
        "stages": [
            {
                "img": "images/ring1.png",
                "codes": "ring,ring1"
            },
            {
                "img": "images/ring2.png",
                "codes": "ring2"
            }
        ]
    },
    {
        "name": "Stepladder",
        "type": "toggle",
        "img": "images/ladder.png",
        "codes": "ladder"
    }, 
    {
        "name": "Magical Key",
        "type": "toggle",
        "img": "images/magickey.png",
        "codes": "magickey"
    },
    {
        "name": "Bracelet",
        "type": "toggle",
        "img": "images/bracelet.png",
        "codes": "bracelet"
    },
    {
        "name": "Boomerang",
        "type": "progressive",
        "allow_disabled": true,
        "stages": [
            {
                "img": "images/boom1.png",
                "codes": "boom,boom1"
            },
            {
                "img": "images/boom2.png",
                "codes": "boom2"
            }
        ]
    },
    {
        "name": "Bombs",
        "type": "toggle",
        "img": "images/bombs.png",
        "codes": "bombs"
    },    
    {
        "name": "Bow and Arrows",
        "type": "progressive_toggle",
        "stages": [
            {
                "img": "images/bow.png",
                "disabled_img": "images/bowdisabled.png",
                "disabled_img_mods": "",
                "codes": "bow"
            },
            {
                "img": "images/bowarrow.png",
                "disabled_img": "images/bowdisablearrow.png",
                "disabled_img_mods": "",
                "codes": "bow"
            },
            {
                "img": "images/bowarrowsilver.png",
                "disabled_img": "images/bowdisablearrowsilver.png",
                "disabled_img_mods": "",
                "codes": "bow"
            }
        ]
    },
    {
        "name": "Candles",
        "type": "progressive",
        "allow_disabled": true,
        "stages": [
            {
                "img": "images/candle1.png",
                "codes": "candle,candle1"
            },
            {
                "img": "images/candle2.png",
                "codes": "candle2"
            }
        ]
    },
    {
        "name": "Letter and Bottles",
        "type": "progressive_toggle",
        "stages": [
            {
                "img": "images/letter.png",
                "disabled_img": "images/letterdisabled.png",
                "disabled_img_mods": "",
                "codes": "letter"
            },
            {
                "img": "images/letterbottle.png",
                "disabled_img": "images/letterdisabledbottle.png",
                "disabled_img_mods": "",
                "codes": "letter"
            },
            {
                "img": "images/letterbottlered.png",
                "disabled_img": "images/letterdisabledbottlered.png",
                "disabled_img_mods": "",
                "codes": "letter"
            }
        ]
    },
    {
        "name": "Recorder",
        "type": "toggle",
        "img": "images/recorder.png",
        "codes": "recorder"
    },
    {
        "name": "Meat",
        "type": "toggle",
        "img": "images/meat.png",
        "codes": "meat"
    },
    {
        "name": "Rod",
        "type": "toggle",
        "img": "images/rod.png",
        "codes": "rod"
    },
    {
        "name": "Sword",
        "type": "progressive",
        "allow_disabled": true,
        "stages": [
            {
                "img": "images/sword1.png",
                "codes": "sword,sword1"
            },
            {
                "img": "images/sword2.png",
                "codes": "sword2"
            },
            {
                "img": "images/sword3.png",
                "codes": "sword3"
            }
        ]
    },
    {
        "name": "Shield",
        "type": "progressive",
        "allow_disabled": false,
        "stages": [
            {
                "img": "images/shield1.png",
                "codes": "shield,shield1"
            },
            {
                "img": "images/shield2.png",
                "codes": "shield2"
            }
        ]
    },
    {
        "name": "Triforce 1",
        "type": "toggle",
        "img": "images/tri1.png",
        "codes": "tri1"
    },
    {
        "name": "Triforce 2",
        "type": "toggle",
        "img": "images/tri2.png",
        "codes": "tri2"
    },
    {
        "name": "Triforce 3",
        "type": "toggle",
        "img": "images/tri3.png",
        "codes": "tri3"
    },
    {
        "name": "Triforce 4",
        "type": "toggle",
        "img": "images/tri4.png",
        "codes": "tri4"
    },
    {
        "name": "Triforce 5",
        "type": "toggle",
        "img": "images/tri5.png",
        "codes": "tri5"
    },
    {
        "name": "Triforce 6",
        "type": "toggle",
        "img": "images/tri6.png",
        "codes": "tri6"
    },
    {
        "name": "Triforce 7",
        "type": "toggle",
        "img": "images/tri7.png",
        "codes": "tri7"
    },
    {
        "name": "Triforce 8",
        "type": "toggle",
        "img": "images/tri8.png",
        "codes": "tri8"
    },
    {
        "name": "Ganon",
        "type": "toggle",
        "img": "images/ganon.png",
        "codes": "ganon"
    }
]