﻿{
    "allow_resize": false,
    "map_enabled": false,
    "auto_pin_capturing_locations": false,
    "auto_unpin_on_clear": true,
    "layout_swap_left_right": false,
    "disabled_image_filter": "grayscale, dim",
    "layouts": {
        "tracker_default": {
            "type": "itemgrid",
            "background": "#000000",
            "width": 320,
            "h_alignment": "center",
            "item_margin": "2,2",
            "item_size": 32,
            "rows": [
                [ "raft", "book", "ring", "ladder", "magickey", "bracelet", "sword", "shield" ],
                [ "boom", "bombs", "bow", "candle", "recorder", "meat", "letter", "rod" ],
                [ "tri1", "tri2", "tri3", "tri4",  "tri5", "tri6", "tri7", "tri8" ]
            ]
        }
    }
}
