﻿[
//LINHA
  {
    "name": "fio",
    "type": "progressive",
    "allow_disabled": false,
    "stages": [
      {
        "img": "images/fio.png",
        "codes": "fioo"
      }
    ]
  },
  {
    "name": "linha",
    "type": "progressive",
    "allow_disabled": false,
    "stages": [
      {
        "img": "images/linha.png",
        "codes": "linhaa"
      }
    ]
  },
//ITEMS
  {
    "name": "Adamant",
    "type": "progressive",
    "allow_disabled": false,
    "stages": [
      {
        "img": "images/key/Adamant-Gray.png",
        "codes": "adamantgray"
      },
      {
        "img": "images/key/Adamant-Color.png",
        "codes": "adamantcolor"
      },
      {
        "img": "images/key/Adamant-Check.png",
        "codes": "adamantcheck"
      }
    ]
  },
  {
    "name": "Baron Key",
    "type": "progressive",
    "allow_disabled": false,
    "stages": [
      {
        "img": "images/key/BaronKey-Gray.png",
        "codes": "barongray"
      },
      {
        "img": "images/key/BaronKey-Color.png",
        "codes": "baroncolor"
      },
      {
        "img": "images/key/BaronKey-Check.png",
        "codes": "baroncheck"
      }
    ]
  },
  {
    "name": "Crystal",
    "type": "progressive",
    "allow_disabled": false,
    "stages": [
      {
        "img": "images/key/Crystal-Gray.png",
        "codes": "crystalgray"
      },
      {
        "img": "images/key/Crystal-Color.png",
        "codes": "crystalcolor"
      },
      {
        "img": "images/key/Crystal-Check.png",
        "codes": "crystalcheck"
      }
    ]
  },
  {
    "name": "Darkness Crystal",
    "type": "progressive",
    "allow_disabled": false,
    "stages": [
      {
        "img": "images/key/DarkCrystal-Gray.png",
        "codes": "darknessgray"
      },
      {
        "img": "images/key/DarkCrystal-Color.png",
        "codes": "darknesscolor"
      },
      {
        "img": "images/key/DarkCrystal-Check.png",
        "codes": "darknesscheck"
      }
    ]
  },
  {
    "name": "Earth Crystal",
    "type": "progressive",
    "allow_disabled": false,
    "stages": [
      {
        "img": "images/key/EarthCrystal-Gray.png",
        "codes": "earthgray"
      },
      {
        "img": "images/key/EarthCrystal-Color.png",
        "codes": "earthcolor"
      },
      {
        "img": "images/key/EarthCrystal-Check.png",
        "codes": "earthcheck"
      }
    ]
  },
  {
    "name": "Twin Harp",
    "type": "progressive",
    "allow_disabled": false,
    "stages": [
      {
        "img": "images/key/TwinHarp-Gray.png",
        "codes": "harpgray"
      },
      {
        "img": "images/key/TwinHarp-Color.png",
        "codes": "harpcolor"
      },
      {
        "img": "images/key/TwinHarp-Check.png",
        "codes": "harpcheck"
      }
    ]
  },
  {
    "name": "Hook",
    "type": "progressive",
    "allow_disabled": false,
    "stages": [
      {
        "img": "images/key/Hook-Gray.png",
        "codes": "hookgray"
      },
      {
        "img": "images/key/Hook-Color.png",
        "codes": "hookcolor"
      },
      {
        "img": "images/key/Hook-Check.png",
        "codes": "hookcheck"
      }
    ]
  },
  {
    "name": "Legend Sword",
    "type": "progressive",
    "allow_disabled": false,
    "stages": [
      {
        "img": "images/key/LegendSword-Gray.png",
        "codes": "legendgray"
      },
      {
        "img": "images/key/LegendSword-Color.png",
        "codes": "legendcolor"
      },
      {
        "img": "images/key/LegendSword-Check.png",
        "codes": "legendcheck"
      }
    ]
  },
  {
    "name": "Luca Key",
    "type": "progressive",
    "allow_disabled": false,
    "stages": [
      {
        "img": "images/key/LucaKey-Gray.png",
        "codes": "lucagray"
      },
      {
        "img": "images/key/LucaKey-Color.png",
        "codes": "lucacolor"
      },
      {
        "img": "images/key/LucaKey-Check.png",
        "codes": "lucacheck"
      }
    ]
  },
  {
    "name": "Magma Key",
    "type": "progressive",
    "allow_disabled": false,
    "stages": [
      {
        "img": "images/key/MagmaKey-Gray.png",
        "codes": "magmagray"
      },
      {
        "img": "images/key/MagmaKey-Color.png",
        "codes": "magmacolor"
      },
      {
        "img": "images/key/MagmaKey-Check.png",
        "codes": "magmacheck"
      }
    ]
  },
  {
    "name": "Package",
    "type": "progressive",
    "allow_disabled": false,
    "stages": [
      {
        "img": "images/key/Package-Gray.png",
        "codes": "packagegray"
      },
      {
        "img": "images/key/Package-Color.png",
        "codes": "packagecolor"
      },
      {
        "img": "images/key/Package-Check.png",
        "codes": "packagecheck"
      }
    ]
  },
  {
    "name": "Pan",
    "type": "progressive",
    "allow_disabled": false,
    "stages": [
      {
        "img": "images/key/Pan-Gray.png",
        "codes": "pangray"
      },
      {
        "img": "images/key/Pan-Color.png",
        "codes": "pancolor"
      },
      {
        "img": "images/key/Pan-Check.png",
        "codes": "pancheck"
      }
    ]
  },
  {
    "name": "Pass",
    "type": "progressive",
    "allow_disabled": false,
    "stages": [
      {
        "img": "images/key/Pass-Gray.png",
        "codes": "passgray"
      },
      {
        "img": "images/key/Pass-Color.png",
        "codes": "passcolor"
      },
      {
        "img": "images/key/Pass-Check.png",
        "codes": "passcheck"
      }
    ]
  },
  {
    "name": "Pink Tail",
    "type": "progressive",
    "allow_disabled": false,
    "stages": [
      {
        "img": "images/key/PinkTail-Gray.png",
        "codes": "pinkgray"
      },
      {
        "img": "images/key/PinkTail-Color.png",
        "codes": "pinkcolor"
      },
      {
        "img": "images/key/PinkTail-Check.png",
        "codes": "pinkcheck"
      }
    ]
  },
  {
    "name": "Rat Tail",
    "type": "progressive",
    "allow_disabled": false,
    "stages": [
      {
        "img": "images/key/RatTail-Gray.png",
        "codes": "ratgray"
      },
      {
        "img": "images/key/RatTail-Color.png",
        "codes": "ratcolor"
      },
      {
        "img": "images/key/RatTail-Check.png",
        "codes": "ratcheck"
      }
    ]
  },
  {
    "name": "Sand Ruby",
    "type": "progressive",
    "allow_disabled": false,
    "stages": [
      {
        "img": "images/key/SandRuby-Gray.png",
        "codes": "sandrubygray"
      },
      {
        "img": "images/key/SandRuby-Color.png",
        "codes": "sandrubycolor"
      },
      {
        "img": "images/key/SandRuby-Check.png",
        "codes": "sandrubycheck"
      }
    ]
  },
  {
    "name": "Spoon",
    "type": "progressive",
    "allow_disabled": false,
    "stages": [
      {
        "img": "images/key/Spoon-Gray.png",
        "codes": "spoongray"
      },
      {
        "img": "images/key/Spoon-Color.png",
        "codes": "spooncolor"
      },
      {
        "img": "images/key/Spoon-Check.png",
        "codes": "spooncheck"
      }
    ]
  },
  {
    "name": "Tower Key",
    "type": "progressive",
    "allow_disabled": false,
    "stages": [
      {
        "img": "images/key/TowerKey-Gray.png",
        "codes": "towergray"
      },
      {
        "img": "images/key/TowerKey-Color.png",
        "codes": "towercolor"
      },
      {
        "img": "images/key/TowerKey-Check.png",
        "codes": "towercheck"
      }
    ]
  },
  {
    "name": "Hover Craft and Falcon",
    "type": "progressive_toggle",
    "allow_disabled": false,
    "stages": [
      {
        "img": "images/key/Falconoff-Hovercraft.png",
        "disabled_img": "images/key/Falconoff-Hovercraftoff.png",
        "disabled_img_mods": "",
        "codes": "vehicle"
      },
      {
        "img": "images/key/Falcon-Hovercraft.png",
        "disabled_img": "images/key/Falcon-Hovercraftoff.png",
        "disabled_img_mods": "",
        "codes": "vehicle"
      }
    ]
  },
  {
    "name": "Lunar Whale",
    "type": "progressive",
    "allow_disabled": false,
    "stages": [
      {
        "img": "images/key/LunarWhaleoff.png",
        "codes": "lunarwhaleoff"
      },
      {
        "img": "images/key/LunarWhale.png",
        "codes": "lunarwhale"
      }
    ]
  },
//CHARACTERS
  {
    "name": "Cecil",
    "type": "progressive",
    "allow_disabled": false,
    "stages": [
      {
        "img": "images/char/DKCecil-Inactive.png",
        "codes": "dkcecilinactive"
      },
      {
        "img": "images/char/DKCecil-Active.png",
        "codes": "dkcecilactive"
      },
      {
        "img": "images/char/DKCecil-Rejected.png",
        "codes": "dkcecilrejected"
      },
      {
        "img": "images/char/Cecil-Inactive.png",
        "codes": "dkcecilinactive"
      },
      {
        "img": "images/char/Cecil-Active.png",
        "codes": "cecilactive"
      },
      {
        "img": "images/char/Cecil-Rejected.png",
        "codes": "cecilrejected"
      }
    ]
  },
  {
    "name": "Kain",
    "type": "progressive",
    "allow_disabled": false,
    "stages": [
      {
        "img": "images/char/Kain-Inactive.png",
        "codes": "kaininactive"
      },
      {
        "img": "images/char/Kain-Active.png",
        "codes": "kainactive"
      },
      {
        "img": "images/char/Kain-Rejected.png",
        "codes": "kainrejected"
      }
    ]
  },
  {
    "name": "Rydia",
    "type": "progressive",
    "allow_disabled": false,
    "stages": [
      {
        "img": "images/char/CRydia-Inactive.png",
        "codes": "crydiainactive"
      },
      {
        "img": "images/char/CRydia-Active.png",
        "codes": "crydiaactive"
      },
      {
        "img": "images/char/CRydia-Rejected.png",
        "codes": "crydiarejected"
      },
      {
        "img": "images/char/Rydia-Inactive.png",
        "codes": "rydiainactive"
      },
      {
        "img": "images/char/Rydia-Active.png",
        "codes": "rydiaactive"
      },
      {
        "img": "images/char/Rydia-Rejected.png",
        "codes": "rydiarejected"
      }
    ]
  },
  {
    "name": "Tellah",
    "type": "progressive",
    "allow_disabled": false,
    "stages": [
      {
        "img": "images/char/Tellah-Inactive.png",
        "codes": "tellahinactive"
      },
      {
        "img": "images/char/Tellah-Active.png",
        "codes": "tellahactive"
      },
      {
        "img": "images/char/Tellah-Rejected.png",
        "codes": "tellahrejected"
      }
    ]
  },
  {
    "name": "Edward",
    "type": "progressive",
    "allow_disabled": false,
    "stages": [
      {
        "img": "images/char/Edward-Inactive.png",
        "codes": "edwardinactive"
      },
      {
        "img": "images/char/Edward-Active.png",
        "codes": "edwardactive"
      },
      {
        "img": "images/char/Edward-Rejected.png",
        "codes": "edwardrejected"
      }
    ]
  },
  {
    "name": "Rosa",
    "type": "progressive",
    "allow_disabled": false,
    "stages": [
      {
        "img": "images/char/Rosa-Inactive.png",
        "codes": "rosainactive"
      },
      {
        "img": "images/char/Rosa-Active.png",
        "codes": "rosaactive"
      },
      {
        "img": "images/char/Rosa-Rejected.png",
        "codes": "rosarejected"
      }
    ]
  },
  {
    "name": "Yang",
    "type": "progressive",
    "allow_disabled": false,
    "stages": [
      {
        "img": "images/char/Yang-Inactive.png",
        "codes": "yanginactive"
      },
      {
        "img": "images/char/Yang-Active.png",
        "codes": "yangactive"
      },
      {
        "img": "images/char/Yang-Rejected.png",
        "codes": "yangrejected"
      }
    ]
  },
  {
    "name": "Porom",
    "type": "progressive",
    "allow_disabled": false,
    "stages": [
      {
        "img": "images/char/Porom-Inactive.png",
        "codes": "porominactive"
      },
      {
        "img": "images/char/Porom-Active.png",
        "codes": "poromactive"
      },
      {
        "img": "images/char/Porom-Rejected.png",
        "codes": "poromrejected"
      }
    ]
  },
  {
    "name": "Palom",
    "type": "progressive",
    "allow_disabled": false,
    "stages": [
      {
        "img": "images/char/Palom-Inactive.png",
        "codes": "palominactive"
      },
      {
        "img": "images/char/Palom-Active.png",
        "codes": "palomactive"
      },
      {
        "img": "images/char/Palom-Rejected.png",
        "codes": "palomrejected"
      }
    ]
  },
  {
    "name": "Cid",
    "type": "progressive",
    "allow_disabled": false,
    "stages": [
      {
        "img": "images/char/Cid-Inactive.png",
        "codes": "cidinactive"
      },
      {
        "img": "images/char/Cid-Active.png",
        "codes": "cidactive"
      },
      {
        "img": "images/char/Cid-Rejected.png",
        "codes": "cidrejected"
      }
    ]
  },
  {
    "name": "Edge",
    "type": "progressive",
    "allow_disabled": false,
    "stages": [
      {
        "img": "images/char/Edge-Inactive.png",
        "codes": "edgeinactive"
      },
      {
        "img": "images/char/Edge-Active.png",
        "codes": "edgeactive"
      },
      {
        "img": "images/char/Edge-Rejected.png",
        "codes": "edgerejected"
      }
    ]
  },
  {
    "name": "FuSoYa",
    "type": "progressive",
    "allow_disabled": false,
    "stages": [
      {
        "img": "images/char/FuSoYa-Inactive.png",
        "codes": "fusoyainactive"
      },
      {
        "img": "images/char/FuSoYa-Active.png",
        "codes": "fusoyaactive"
      },
      {
        "img": "images/char/FuSoYa-Rejected.png",
        "codes": "fusoyarejected"
      }
    ]
  },
//BOSSES
  {
    "name": "Mist Dragon",
    "type": "progressive",
    "allow_disabled": false,
    "stages": [
      {
        "img": "images/boss/MistD-Gray.png",
        "codes": "mistgray"
      },
      {
        "img": "images/boss/MistD-Color.png",
        "codes": "mistcolor"
      },
    ]
  },
  {
    "name": "Baron Soldiers",
    "type": "progressive",
    "allow_disabled": false,
    "stages": [
      {
        "img": "images/boss/Soldier-Gray.png",
        "codes": "soldiersgray"
      },
      {
        "img": "images/boss/Soldier-Color.png",
        "codes": "soldierscolor"
      },
    ]
  },
  {
    "name": "Octomamm",
    "type": "progressive",
    "allow_disabled": false,
    "stages": [
      {
        "img": "images/boss/Octo-Gray.png",
        "codes": "octogray"
      },
      {
        "img": "images/boss/Octo-Color.png",
        "codes": "octocolor"
      },
    ]
  },
  {
    "name": "Antlion",
    "type": "progressive",
    "allow_disabled": false,
    "stages": [
      {
        "img": "images/boss/Antlion-Gray.png",
        "codes": "antliongray"
      },
      {
        "img": "images/boss/Antlion-Color.png",
        "codes": "antlioncolor"
      },
    ]
  },
  {
    "name": "Waterhag",
    "type": "progressive",
    "allow_disabled": false,
    "stages": [
      {
        "img": "images/boss/WHag-Gray.png",
        "codes": "whaggray"
      },
      {
        "img": "images/boss/WHag-Color.png",
        "codes": "whagcolor"
      },
    ]
  },
  {
    "name": "MomBomb",
    "type": "progressive",
    "allow_disabled": false,
    "stages": [
      {
        "img": "images/boss/Mombomb-Gray.png",
        "codes": "momgray"
      },
      {
        "img": "images/boss/Mombomb-Color.png",
        "codes": "momcolor"
      },
    ]
  },
  {
    "name": "Fabul Gauntlet",
    "type": "progressive",
    "allow_disabled": false,
    "stages": [
      {
        "img": "images/boss/Gauntlet-Gray.png",
        "codes": "gauntletgray"
      },
      {
        "img": "images/boss/Gauntlet-Color.png",
        "codes": "gauntletcolor"
      },
    ]
  },
  {
    "name": "Milon",
    "type": "progressive",
    "allow_disabled": false,
    "stages": [
      {
        "img": "images/boss/Milon-Gray.png",
        "codes": "milongray"
      },
      {
        "img": "images/boss/Milon-Color.png",
        "codes": "miloncolor"
      },
    ]
  },
  {
    "name": "MilonZ",
    "type": "progressive",
    "allow_disabled": false,
    "stages": [
      {
        "img": "images/boss/MilonZ-Gray.png",
        "codes": "milonzgray"
      },
      {
        "img": "images/boss/MilonZ-Color.png",
        "codes": "milonzcolor"
      },
    ]
  },
  {
    "name": "Dark Knight Cecil",
    "type": "progressive",
    "allow_disabled": false,
    "stages": [
      {
        "img": "images/boss/DKCecil-Gray.png",
        "codes": "dkcecilgray"
      },
      {
        "img": "images/boss/DKCecil-Color.png",
        "codes": "dkcecilcolor"
      },
    ]
  },
  {
    "name": "Baron Guards",
    "type": "progressive",
    "allow_disabled": false,
    "stages": [
      {
        "img": "images/boss/Guards-Gray.png",
        "codes": "guardsgray"
      },
      {
        "img": "images/boss/Guards-Color.png",
        "codes": "guardscolor"
      },
    ]
  },
  {
    "name": "Yang",
    "type": "progressive",
    "allow_disabled": false,
    "stages": [
        {
          "img": "images/boss/Yang-Gray.png",
          "codes": "yanggray"
        },
        {
        "img": "images/boss/Yang-Color.png",
        "codes": "yangcolor"
      },
    ]
  },
  {
    "name": "Baigan",
    "type": "progressive",
    "allow_disabled": false,
    "stages": [
      {
        "img": "images/boss/Baigan-Gray.png",
        "codes": "baigangray"
      },
      {
        "img": "images/boss/Baigan-Color.png",
        "codes": "baigancolor"
      },
    ]
  },
  {
    "name": "Kainazzo",
    "type": "progressive",
    "allow_disabled": false,
    "stages": [
      {
        "img": "images/boss/Kainazzo-Gray.png",
        "codes": "kainazzogray"
      },
      {
        "img": "images/boss/Kainazzo-Color.png",
        "codes": "kainazzocolor"
      },
    ]
  },
  {
    "name": "Dark Elf",
    "type": "progressive",
    "allow_disabled": false,
    "stages": [
      {
        "img": "images/boss/DElf-Gray.png",
        "codes": "delfgray"
      },
      {
        "img": "images/boss/DElf-Color.png",
        "codes": "delfcolor"
      },
    ]
  },
  {
    "name": "Magus Sisters",
    "type": "progressive",
    "allow_disabled": false,
    "stages": [
      {
        "img": "images/boss/MagusSis-Gray.png",
        "codes": "magussisgray"
      },
      {
        "img": "images/boss/MagusSis-Color.png",
        "codes": "magussiscolor"
      },
    ]
  },
  {
    "name": "Valvalis",
    "type": "progressive",
    "allow_disabled": false,
    "stages": [
      {
        "img": "images/boss/Valvalis-Gray.png",
        "codes": "valvalisgray"
      },
      {
        "img": "images/boss/Valvalis-Color.png",
        "codes": "valvaliscolor"
      },
    ]
  },
  {
    "name": "Calcabrina",
    "type": "progressive",
    "allow_disabled": false,
    "stages": [
      {
          "img": "images/boss/Calcabrina-Gray.png",
          "codes": "calcabrinagray"
        },
      {
        "img": "images/boss/Calcabrina-Color.png",
        "codes": "calcabrinacolor"
      },
    ]
  },
  {
    "name": "Golbez",
    "type": "progressive",
    "allow_disabled": false,
    "stages": [
      {
        "img": "images/boss/Golbez-Gray.png",
        "codes": "golbezgray"
      },
      {
        "img": "images/boss/Golbez-Color.png",
        "codes": "golbezcolor"
      },
    ]
  },
  {
    "name": "Dr. Lugae",
    "type": "progressive",
    "allow_disabled": false,
    "stages": [
      {
        "img": "images/boss/Lugae-Gray.png",
        "codes": "lugaegray"
      },
      {
        "img": "images/boss/Lugae-Color.png",
        "codes": "lugaecolor"
      },
    ]
  },
  {
    "name": "Dark Imps",
    "type": "progressive",
    "allow_disabled": false,
    "stages": [
      {
        "img": "images/boss/DarkImps-Gray.png",
        "codes": "darkimpsgray"
      },
      {
        "img": "images/boss/DarkImps-Color.png",
        "codes": "darkimpscolor"
      },
    ]
  },
  {
    "name": "King and Queen of Eblan",
    "type": "progressive",
    "allow_disabled": false,
    "stages": [
      {
        "img": "images/boss/Eblan-Gray.png",
        "codes": "kingqueengray"
      },
      {
        "img": "images/boss/Eblan-Color.png",
        "codes": "kingqueencolor"
      },
    ]
  },
  {
    "name": "Rubicant",
    "type": "progressive",
    "allow_disabled": false,
    "stages": [
        {
          "img": "images/boss/Rubicante-Gray.png",
          "codes": "rubicantegray"
        },
        {
        "img": "images/boss/Rubicante-Color.png",
        "codes": "rubicantecolor"
      },
    ]
  },
  {
    "name": "Evil Wall",
    "type": "progressive",
    "allow_disabled": false,
    "stages": [
      {
        "img": "images/boss/EvilWall-Gray.png",
        "codes": "evilwallgray"
      },
      {
        "img": "images/boss/EvilWall-Color.png",
        "codes": "evilwallcolor"
      },
    ]
  },
  {
    "name": "Four Fiends",
    "type": "progressive",
    "allow_disabled": false,
    "stages": [
      {
        "img": "images/boss/Fiends-Gray.png",
        "codes": "fiendsgray"
      },
      {
        "img": "images/boss/Fiends-Color.png",
        "codes": "fiendscolor"
      },
    ]
  },
  {
    "name": "CPU",
    "type": "progressive",
    "allow_disabled": false,
    "stages": [
      {
        "img": "images/boss/CPU-Gray.png",
        "codes": "cpugray"
      },
      {
        "img": "images/boss/CPU-Color.png",
        "codes": "cpucolor"
      },
    ]
  },
  {
    "name": "Odin",
    "type": "progressive",
    "allow_disabled": false,
    "stages": [
      {
        "img": "images/boss/Odin-Gray.png",
        "codes": "odingray"
      },
      {
        "img": "images/boss/Odin-Color.png",
        "codes": "odincolor"
      },
    ]
  },
  {
    "name": "Asura",
    "type": "progressive",
    "allow_disabled": false,
    "stages": [
      {
        "img": "images/boss/Asura-Gray.png",
        "codes": "asuragray"
      },
      {
        "img": "images/boss/Asura-Color.png",
        "codes": "asuracolor"
      },
    ]
  },
  {
    "name": "Leviathan",
    "type": "progressive",
    "allow_disabled": false,
    "stages": [
      {
        "img": "images/boss/Leviath-Gray.png",
        "codes": "leviathgray"
      },
      {
        "img": "images/boss/Leviath-Color.png",
        "codes": "leviathcolor"
      },
    ]
  },
  {
    "name": "Bahamut",
    "type": "progressive",
    "allow_disabled": false,
    "stages": [
      {
        "img": "images/boss/Bahamut-Gray.png",
        "codes": "bahamutgray"
      },
      {
        "img": "images/boss/Bahamut-Color.png",
        "codes": "bahamutcolor"
      },
    ]
  },
  {
    "name": "Pale Dim",
    "type": "progressive",
    "allow_disabled": false,
    "stages": [
      {
        "img": "images/boss/PaleDim-Gray.png",
        "codes": "paledimgray"
      },
      {
        "img": "images/boss/PaleDim-Color.png",
        "codes": "paledimcolor"
      },
    ]
  },
  {
    "name": "Lunar Dragons",
    "type": "progressive",
    "allow_disabled": false,
    "stages": [
      {
        "img": "images/boss/LunarD-Gray.png",
        "codes": "lunardgray"
      },
      {
        "img": "images/boss/LunarD-Color.png",
        "codes": "lunardcolor"
      },
    ]
  },
  {
    "name": "Plague",
    "type": "progressive",
    "allow_disabled": false,
    "stages": [
      {
        "img": "images/boss/Plague-Gray.png",
        "codes": "plaguegray"
      },
      {
        "img": "images/boss/Plague-Color.png",
        "codes": "plaguecolor"
      },
    ]
  },
  {
    "name": "Ogopogo",
    "type": "progressive",
    "allow_disabled": false,
    "stages": [
      {
        "img": "images/boss/Ogopogo-Gray.png",
        "codes": "ogopogogray"
      },
      {
        "img": "images/boss/Ogopogo-Color.png",
        "codes": "ogopogocolor"
      },
    ]
  },
  {
    "name": "Wyvern",
    "type": "progressive",
    "allow_disabled": false,
    "stages": [
      {
        "img": "images/boss/Wyvern-Gray.png",
        "codes": "wyverngray"
      },
      {
        "img": "images/boss/Wyvern-Color.png",
        "codes": "wyverncolor"
      },
    ]
  },
  {
    "name": "Zeromus",
    "type": "progressive",
    "allow_disabled": false,
    "stages": [
      {
        "img": "images/boss/Zeromus-Gray.png",
        "codes": "zeromusgray"
      },
      {
        "img": "images/boss/Zeromus-Color.png",
        "codes": "zeromuscolor"
      },
    ]
  },
//LOCATIONS
  {
    "name": "Antlion Cave",
    "type": "progressive",
    "allow_disabled": false,
    "stages": [
      {
        "img": "images/local/AntlionCave-Color.png",
        "codes": "antlioncavecolor"
      },
      {
        "img": "images/local/AntlionCave-Check.png",
        "codes": "antlioncavecheck"
      }
    ]
  },
  {
    "name": "Fabul",
    "type": "progressive",
    "allow_disabled": false,
    "stages": [
      {
        "img": "images/local/Fabul-Color.png",
        "codes": "fabulcolor"
      },
      {
        "img": "images/local/Fabul-Check.png",
        "codes": "fabulcheck"
      }
    ]
  },
  {
    "name": "Mt. Ordeals",
    "type": "progressive",
    "allow_disabled": false,
    "stages": [
      {
        "img": "images/local/Ordeals-Color.png",
        "codes": "ordealscolor"
      },
      {
        "img": "images/local/Ordeals-Check.png",
        "codes": "ordealscheck"
      }
    ]
  },
  {
    "name": "Baron Castle",
    "type": "progressive",
    "allow_disabled": false,
    "stages": [
      {
        "img": "images/local/Baron-Gray.png",
        "codes": "baroncastlegray"
      },
      {
        "img": "images/local/Baron-Color.png",
        "codes": "baroncastlecolor"
      },
      {
        "img": "images/local/Baron-Check.png",
        "codes": "baroncastlecheck"
      }
    ]
  },
  {
    "name": "Cave Magnes",
    "type": "progressive",
    "allow_disabled": false,
    "stages": [
      {
        "img": "images/local/CaveMagnes-Gray.png",
        "codes": "cavemagnesgray"
      },
      {
        "img": "images/local/CaveMagnes-Color.png",
        "codes": "cavemagnescolor"
      },
      {
        "img": "images/local/CaveMagnes-Check.png",
        "codes": "cavemagnescheck"
      }
    ]
  },
  {
    "name": "Tower of Zot",
    "type": "progressive",
    "allow_disabled": false,
    "stages": [
      {
        "img": "images/local/Zot-Gray.png",
        "codes": "zotgray"
      },
      {
        "img": "images/local/Zot-Color.png",
        "codes": "zotcolor"
      },
      {
        "img": "images/local/Zot-Check.png",
        "codes": "zotcheck"
      }
    ]
  },
  {
    "name": "Dwarf Castle",
    "type": "progressive",
    "allow_disabled": false,
    "stages": [
      {
        "img": "images/local/DwarfCave-Gray.png",
        "codes": "dwarfgray"
      },
      {
        "img": "images/local/DwarfCave-Color.png",
        "codes": "dwarfcolor"
      },
      {
        "img": "images/local/DwarfCave-Check.png",
        "codes": "dwarfcheck"
      }
    ]
  },
  {
    "name": "Lower Babil",
    "type": "progressive",
    "allow_disabled": false,
    "stages": [
      {
        "img": "images/local/LowerBabil-Gray.png",
        "codes": "lowergray"
      },
      {
        "img": "images/local/LowerBabil-Color.png",
        "codes": "lowercolor"
      },
      {
        "img": "images/local/LowerBabil-Check.png",
        "codes": "lowercheck"
      }
    ]
  },
  {
    "name": "Babil Tower",
    "type": "progressive",
    "allow_disabled": false,
    "stages": [
      {
        "img": "images/local/BabilTower-Gray.png",
        "codes": "babilgray"
      },
      {
        "img": "images/local/BabilTower-Color.png",
        "codes": "babilcolor"
      },
      {
        "img": "images/local/BabilTower-Check.png",
        "codes": "babilcheck"
      }
    ]
  },
  {
    "name": "Eblan Cave",
    "type": "progressive",
    "allow_disabled": false,
    "stages": [
      {
        "img": "images/local/Eblan-Gray.png",
        "codes": "eblangray"
      },
      {
        "img": "images/local/Eblan-Color.png",
        "codes": "eblancolor"
      },
      {
        "img": "images/local/Eblan-Check.png",
        "codes": "eblancheck"
      }
    ]
  },
  {
    "name": "Sealed Cave",
    "type": "progressive",
    "allow_disabled": false,
    "stages": [
      {
        "img": "images/local/SealedCave-Gray.png",
        "codes": "sealedgray"
      },
      {
        "img": "images/local/SealedCave-Color.png",
        "codes": "sealedcolor"
      },
      {
        "img": "images/local/SealedCave-Check.png",
        "codes": "sealedcheck"
        }
    ]
  },
  {
    "name": "Adamant Grotto",
    "type": "progressive",
    "allow_disabled": false,
    "stages": [
      {
        "img": "images/local/AdamantGrotto-Gray.png",
        "codes": "adamantgrottogray"
      },
      {
        "img": "images/local/AdamantGrotto-Color.png",
        "codes": "adamantgrottocolor"
      },
      {
        "img": "images/local/AdamantGrotto-Check.png",
        "codes": "adamantgrottocheck"
      }
    ]
  },
  {
    "name": "Land of Summoned Monsters",
    "type": "progressive",
    "allow_disabled": false,
    "stages": [
      {
        "img": "images/local/LandOfSummonedMonsters-Gray.png",
        "codes": "monstersgray"
      },
      {
        "img": "images/local/LandOfSummonedMonsters-Color.png",
        "codes": "monsterscolor"
      },
      {
        "img": "images/local/LandOfSummonedMonsters-Check.png",
        "codes": "monsterscheck"
      }
    ]
  },
  {
    "name": "Sylph Cave",
    "type": "progressive",
    "allow_disabled": false,
    "stages": [
      {
        "img": "images/local/SylphCave-Gray.png",
        "codes": "sylphgray"
      },
      {
        "img": "images/local/SylphCave-Color.png",
        "codes": "sylphcolor"
      },
      {
        "img": "images/local/SylphCave-Check.png",
        "codes": "sylphcheck"
      }
    ]
  },
  {   
    "name": "Sheila",
    "type": "progressive",
    //"allow_disabled": false,
    "stages": [
      {
        "img": "images/local/Sheila-Color.png",
        "codes": "sheilacolor"
      },
      {
        "img": "images/local/Sheila-Check.png",
        "codes": "sheilacheck"
      }
    ]
  },
//GO MODE
  {
    "name": "Go Mode",
    "type": "progressive",
    "allow_disabled": false,
    "stages": [
      {
        "img": "images/mode/Search-Mode.png",
        "codes": "search"
      },
      {
        "img": "images/mode/Almost-Mode.png",
        "codes": "almost"
      },
      {
        "img": "images/mode/Go-Mode.png",
        "codes": "go"
      },
    ]
  }
] 
  