﻿{
  "type": "array",
  "h_alignment": "horizontal",
  "content": [
    {
      "type": "array",
      "orientation": "horizontal",
      "margin": "0,0,0,0",
      "content": [
        {
          "type": "array",
          "orientation": "vertical",
          "margin": "5,0,0,0",
          "content": [
           //CHAR
            { 
              "type": "itemgrid",
              "h_alignment": "left",
              "item_margin": "-9,0",
              "item_size": 50,
              "rows": [
                [ "dkcecilinactive", "kaininactive", "crydiainactive", "tellahinactive" ],
                [ "edwardinactive", "rosainactive", "yanginactive", "porominactive" ],
                [ "palominactive", "cidinactive", "edgeinactive", "fusoyainactive" ]
              ]
            },
            {
              "type": "array",
              "orientation": "vertical",
              "margin": "-10,-10,0,0",
              "content": [
                //FIO
                { 
                  "type": "itemgrid",
                  "h_alignment": "center",
                  "item_margin": "0,0",
                  "rows": [
                    [ "fioo", "fioo", "fioo", "fioo" ]
                  ]
                }
              ]
            },
            {
              "type": "array",
              "orientation": "vertical",
              "margin": "-10,-40,10,0",
              "content": [
                //ITEMS
                { 
                  "type": "itemgrid",
                  "h_alignment": "left",
                  "v_alignment": "top",
                  "item_margin": "0,0",
                  "rows": [
                    [ "crystalgray", "passgray", "hookgray", "darknessgray" ],
                    [ "earthgray", "harpgray", "packagegray", "sandrubygray" ],
                    [ "barongray", "magmagray", "towergray", "lucagray" ],
                    [ "adamantgray", "legendgray", "pangray", "spoongray" ],
                    [ "ratgray", "pinkgray" ]
                  ]
                }
              ]
            }
          ]
        },
        {
          "type": "array",
          "orientation": "horizontal",
          "margin": "-15,0,0,0",
          "content": [
            //LINHA
            { 
              "type": "itemgrid",
              "h_alignment": "center",
              "item_margin": "0,0",
              "rows": [
                [ "linhaa" ],
                [ "linhaa" ],
                [ "linhaa" ],
                [ "linhaa" ],
                [ "linhaa" ],
                [ "linhaa" ],
                [ "linhaa" ],
                [ "linhaa" ],
                [ "linhaa" ],
                [ "linhaa" ]
              ]
            }
          ]
        },
        {
          "type": "array",
          "orientation": "horizontal",
          "margin": "-40,0,0,0",
          "content": [
            //BOSSES
            {
              "type": "itemgrid",
              "h_alignment": "left",
              "item_margin": "1,1",
              "rows": [
                [ "mistgray", "soldiersgray", "octogray", "antliongray" ],
                [ "whaggray", "momgray", "gauntletgray", "milongray" ],
                [ "milonzgray", "dkcecilgray", "guardsgray", "yanggray" ],
                [ "baigangray", "kainazzogray", "delfgray", "magussisgray" ],
                [ "valvalisgray", "calcabrinagray", "golbezgray", "lugaegray" ],
                [ "darkimpsgray", "kingqueengray", "rubicantegray", "evilwallgray" ],
                [ "fiendsgray", "cpugray", "odingray", "asuragray" ],
                [ "leviathgray", "bahamutgray", "paledimgray", "lunardgray" ],
                [ "plaguegray", "ogopogogray", "wyverngray", "zeromusgray" ]
              ]
            }
          ]
        }
      ]
    }
  ]
}