{
  "layouts": {
    "shared_item_grid": {
      "type": "array",
      "h_alignment": "horizontal",
      "content": [
        {
          "type": "array",
          "orientation": "horizontal",
          "margin": "0,0,0,0",
          "content": [
            {
              "type": "array",
              "orientation": "vertical",
              "margin": "5,0,0,0",
              "content": [
               //CHAR
                { 
                  "type": "itemgrid",
                  "h_alignment": "left",
                  "item_margin": "-9,0",
                  "item_size": 50,
                  "rows": [
                    [ "dkcecilinactive", "kaininactive", "crydiainactive", "tellahinactive" ],
                    [ "edwardinactive", "rosainactive", "yanginactive", "porominactive" ],
                    [ "palominactive", "cidinactive", "edgeinactive", "fusoyainactive" ]
                  ]
                },
                {
                  "type": "array",
                  "orientation": "vertical",
                  "margin": "-10,-10,0,0",
                  "content": [
                    //FIO
                    { 
                      "type": "itemgrid",
                      "h_alignment": "center",
                      "item_margin": "0,0",
                      "rows": [
                        [ "fioo", "fioo", "fioo", "fioo" ]
                      ]
                    }
                  ]
                },
                {
                  "type": "array",
                  "orientation": "vertical",
                  "margin": "-10,-40,10,0",
                  "content": [
                    //ITEMS
                    { 
                      "type": "itemgrid",
                      "h_alignment": "left",
                      "v_alignment": "top",
                      "item_margin": "0,0",
                      "rows": [
                        [ "crystalgray", "passgray", "hookgray", "darknessgray" ],
                        [ "earthgray", "harpgray", "packagegray", "sandrubygray" ],
                        [ "barongray", "magmagray", "towergray", "lucagray" ],
                        [ "adamantgray", "legendgray", "pangray", "spoongray" ],
                        [ "ratgray", "pinkgray" ]
                      ]
                    }
                  ]
                }
              ]
            },
            {
              "type": "array",
              "orientation": "horizontal",
              "margin": "-15,0,0,0",
              "content": [
                //LINHA
                { 
                  "type": "itemgrid",
                  "h_alignment": "center",
                  "item_margin": "0,0",
                  "rows": [
                    [ "linhaa" ],
                    [ "linhaa" ],
                    [ "linhaa" ],
                    [ "linhaa" ],
                    [ "linhaa" ],
                    [ "linhaa" ],
                    [ "linhaa" ],
                    [ "linhaa" ],
                    [ "linhaa" ],
                    [ "linhaa" ]
                  ]
                }
              ]
            },
            {
              "type": "array",
              "orientation": "horizontal",
              "margin": "-40,0,0,0",
              "content": [
                //BOSSES
                {
                  "type": "itemgrid",
                  "h_alignment": "left",
                  "item_margin": "1,1",
                  "rows": [
                    [ "mistgray", "soldiersgray", "octogray", "antliongray" ],
                    [ "whaggray", "momgray", "gauntletgray", "milongray" ],
                    [ "milonzgray", "dkcecilgray", "guardsgray", "yanggray" ],
                    [ "baigangray", "kainazzogray", "delfgray", "magussisgray" ],
                    [ "valvalisgray", "calcabrinagray", "golbezgray", "lugaegray" ],
                    [ "darkimpsgray", "kingqueengray", "rubicantegray", "evilwallgray" ],
                    [ "fiendsgray", "cpugray", "odingray", "asuragray" ],
                    [ "leviathgray", "bahamutgray", "paledimgray", "lunardgray" ],
                    [ "plaguegray", "ogopogogray", "wyverngray", "zeromusgray" ]
                  ]
                }
              ]
            }
          ]
        }
      ]
    },
    "tracker_capture_item": {
      "type": "container",
      "content": {
        "type": "layout",
        "key": "shared_item_grid"
      }
    },
    "tracker_default": {
      "type": "container",
      "background": "#877373",
      "content": {
        "type": "dock",
        "dropshadow": true,
        "content": [
          {
            "type": "dock",
            "dock": "left",
            "v_alignment": "stretch",
            "content": [
              {
                "type": "group",
                "header": "Items",
                "dock": "top",
                "content": {
                  "type": "layout",
                  "key": "shared_item_grid"
                }
              },
              {
                "type": "group",
                "header": "Pinned Locations",
                "content": {
                  "type": "recentpins",
                  "style": "wrap",
                  "h_alignment": "stretch",
                  "v_alignment": "stretch",
                  "orientation": "vertical",
                  "compact": true
                }
              }
            ]
          },
          {
            "type": "map"
          }
        ]
      }
    },
    "tracker_horizontal": {
      "type": "container",
      "background": "#877373",
      "content": {
        "type": "dock",
        "dropshadow": true,
        "content": [
          {
            "type": "dock",
            "dock": "bottom",
            "content": [
              {
                "type": "group",
                "header": "Items",
                "margin": "0,0,3,0",
                "dock": "left",
                "content": {
                  "type": "layout",
                  "key": "shared_item_grid"
                }
              },
              {
                "type": "group",
                "header": "Pinned Locations",
                "content": {
                  "type": "recentpins",
                  "style": "wrap",
                  "h_alignment": "stretch",
                  "v_alignment": "stretch",
                  "orientation": "horizontal",
                  "compact": true
                }
              }
            ]
          },
          {
            "type": "map"
          }
        ]
      }
    }
  }
}