﻿[
    {
        "name": "Lordvessel",
        "type": "toggle",
        "img": "images/Lordvessel.png",
        "codes": "lordvessel"
    },
    {
        "name": "Covenant of Artorias",
        "type": "toggle",
        "img": "images/Covenant_of_Artorias.png",
        "codes": "artoriasring"
    },
    {
        "name": "Peculiar Doll",
        "type": "toggle",
        "img": "images/Peculiar_doll.png",
        "codes": "doll"
    },
    {
        "name": "Broken Pendant",
        "type": "toggle",
        "img": "images/Broken_Pendant.png",
        "codes": "pendant"
    }, 
    {
        "name": "Crest Key",
        "type": "toggle",
        "img": "images/Crest_Key.png",
        "codes": "crestkey"
    },
    {
        "name": "Key to the Seal",
        "type": "toggle",
        "img": "images/Key_to_the_Seal.png",
        "codes": "sealkey"
    },
    {
        "name": "Crest of Artorias",
        "type": "toggle",
        "img": "images/Crest_of_Artorias.png",
        "codes": "crestartorias"
    },
    {
        "name": "Orange Charred Ring",
        "type": "toggle",
        "img": "images/Orange_Charred_Ring.png",
        "codes": "orangering"
    },
    {
        "name": "Key to Depths",
        "type": "toggle",
        "img": "images/Key_to_Depths_marked.png",
        "codes": "depthskey"
    },
    {
        "name": "Residence Key",
        "type": "toggle",
        "img": "images/Residence_Key_marked.png",
        "codes": "residencekey"
    },
    {
        "name": "Cage Key",
        "type": "toggle",
        "img": "images/Cage_Key_marked.png",
        "codes": "cagekey"
    },
    {
        "name": "Darkmoon Seance Ring",
        "type": "toggle",
        "img": "images/Darkmoon_Seance_Ring.png",
        "codes": "darkmoonkey"
    },
    {
        "name": "Annex Key",
        "type": "toggle",
        "img": "images/Annex_Key_marked.png",
        "codes": "annexkey"
    },
    {
        "name": "Light Source",
        "type": "toggle",
        "img": "images/Torch.png",
        "codes": "lightsource"
    },
    {
        "name": "Lord Soul of Seath",
        "type": "toggle",
        "img": "images/Bequeathed_Lord_Soul_Shard_Seath_marked.png",
        "codes": "seath"
    },
    {
        "name": "Lord Soulof Four Kings",
        "type": "toggle",
        "img": "images/Bequeathed_Lord_Soul_Shard_4K_marked.png",
        "codes": "4kings"
    },
    {
        "name": "Lord Soul of Nito",
        "type": "toggle",
        "img": "images/Lord_Soul_Nito_marked.png",
        "codes": "nito"
    },
    {
        "name": "Lord Soul of Bed of Chaos",
        "type": "toggle",
        "img": "images/Lord_Soul_BoC_marked.png",
        "codes": "bedofchaos"
    },
    {
        "name": "Purple Coward's Crystal",
        "type": "toggle",
        "img": "images/Purple_Coward's_Crystal.png",
        "codes": "purplecrystal"
    },
    {
        "name": "Basement Key",
        "type": "toggle",
        "img": "images/Basement_Key_marked.png",
        "codes": "basementkey"
    },
    {
        "name": "Blighttown Key",
        "type": "toggle",
        "img": "images/Blighttown_Key.png",
        "codes": "blighttownkey"
    },
    {
        "name": "Key to New Londo Ruins",
        "type": "toggle",
        "img": "images/Key_to_New_Londo_Ruins.png",
        "codes": "newlondonkey"
    },
    {
        "name": "Dungeon Cell Key",
        "type": "toggle",
        "img": "images/Dungeon_Cell_Key.png",
        "codes": "dungeonkey"
    },
    {
        "name": "Archive Tower Giant Cell Key",
        "type": "toggle",
        "img": "images/Archive_Tower_Giant_Cell_Key.png",
        "codes": "archivegiantcellkey"
    },
    {
        "name": "Archive Tower Giant Door Key",
        "type": "toggle",
        "img": "images/Archive_Tower_Giant_Door_Key.png",
        "codes": "archivedoorkey"
    },
    {
        "name": "Archive Prison Extra Key",
        "type": "toggle",
        "img": "images/Archive_Prison_Extra_Key_marked.png",
        "codes": "archiveprisonkey"
    },
    {
        "name": "Archive Tower Cell Key",
        "type": "toggle",
        "img": "images/Archive_Tower_Cell_Key_marked.png",
        "codes": "archivecellkey"
    },
    {
        "name": "Big Pilgrims Key",
        "type": "toggle",
        "img": "images/Big_Pilgrims_Key.png",
        "codes": "pilgrimkey"
    },
    {
        "name": "Sewer Chamber Key",
        "type": "toggle",
        "img": "images/Sewer_Chamber_Key.png",
        "codes": "sewerkey"
    },
    {
        "name": "Watchtower Basement Key",
        "type": "toggle",
        "img": "images/Watchtower_Basement_Key_marked.png",
        "codes": "watchtowerkey"
    },
    {
        "name": "Mystery Key",
        "type": "toggle",
        "img": "images/Mystery_Key_marked.png",
        "codes": "mysterykey"
    },
    {
        "name": "Undead Asylum F2 East Key",
        "type": "toggle",
        "img": "images/Undead_Asylum_F2_East_Key_marked.png",
        "codes": "undeadeastkey"
    },
    {
        "name": "Undead Asylum F2 West Key",
        "type": "toggle",
        "img": "images/Undead_Asylum_F2_West_Key_marked.png",
        "codes": "undeadwestkey"
    }    
]